Kategori,Hiragana,Kanji,Arti,Bab
Kata Benda,わたし,私,Saya,Bab 1
Kata Benda,あなた,あなた,Kamu / Anda,Bab 1
Kata Benda,あのひと,あの人,Dia (Orang Itu),Bab 1
Kata Benda,あのかた,あの方,Beliau (Lebih Sopan dari 'Dia'),Bab 1
Kata Benda,〜さん,〜さん,Bpk / Ibu / Sdr (Menyebut Nama Orang Lain),Bab 1
Kata Benda,〜ちゃん,〜ちゃん,Adik (Menyebut Nama Anak Kecil),Bab 1
Kata Benda,〜じん,〜人,Orang (Menyebut Asal Negara / Suku),Bab 1
Kata Benda,せんせい,先生,Guru / Dosen / Dokter (Memanggil Ahli),Bab 1
Kata Benda,きょうし,教師,Guru / Dosen (Profesi),Bab 1
Kata Benda,がくせい,学生,Pelajar / Mahasiswa,Bab 1
Kata Benda,かいしゃいん,会社員,Karyawan Perusahaan,Bab 1
Kata Benda,しゃいん,社員,Karyawan,Bab 1
Kata Benda,ぎんこういん,銀行員,Pegawai Bank,Bab 1
Kata Benda,いしゃ,医者,Dokter,Bab 1
Kata Benda,けんきゅうしゃ,研究者,Peneliti,Bab 1
Kata Benda,だいがく,大学,Universitas / Perguruan Tinggi,Bab 1
Kata Benda,びょういん,病院,Rumah Sakit,Bab 1
Kata Benda,だれ / どなた,誰 / どなた,Siapa (どなた Lebih Sopan),Bab 1
Kata Benda,〜さい,〜歳,Umur ... Tahun,Bab 1
Kata Benda,なんさい / おいくつ,何歳 / おいくつ,Umurnya Berapa (おいくつ Lebih Sopan),Bab 1
Kata Benda,はい,はい,Iya,Bab 1
Kata Benda,いいえ,いいえ,Bukan,Bab 1
Kata Benda,アメリカ,アメリカ,Amerika Serikat,Bab 1
Kata Benda,イギリス,イギリス,Inggris,Bab 1
Kata Benda,インド,インド,India,Bab 1
Kata Benda,インドネシア,インドネシア,Indonesia,Bab 1
Kata Benda,かんこく,韓国,Korea Selatan,Bab 1
Kata Benda,タイ,タイ,Thailand,Bab 1
Kata Benda,ちゅうごく,中国,China,Bab 1
Kata Benda,ドイツ,ドイツ,Jerman,Bab 1
Kata Benda,にほん,日本,Jepang,Bab 1
Kata Benda,ブラジル,ブラジル,Brazil,Bab 1
Ungkapan,はじめまして,初めまして,Salam Kenal,Bab 1
Ungkapan,〜からきました,〜から来ました,Saya berasal dari ...,Bab 1
Ungkapan,どうぞよろしくおねがいします,どうぞよろしくお願いします,Mohon bantuannya,Bab 1
Ungkapan,しつれいですが,失礼ですが,Permisi / Maaf mengganggu,Bab 1
Ungkapan,こちらは〜さんです,こちらは〜さんです,Ini adalah Bpk/Ibu/Sdr ...,Bab 1
Kata Benda,これ,これ,Ini (dekat pembicara),Bab 2
Kata Benda,それ,それ,Itu (dekat lawan bicara),Bab 2
Kata Benda,あれ,あれ,Itu (jauh dari keduanya),Bab 2
Kata Benda,この〜,この〜,~ Ini (benda dekat pembicara),Bab 2
Kata Benda,その〜,その〜,~ Itu (benda dekat lawan bicara),Bab 2
Kata Benda,あの〜,あの〜,~ Itu (benda jauh dari keduanya),Bab 2
Kata Benda,ほん,本,Buku,Bab 2
Kata Benda,じしょ,辞書,Kamus,Bab 2
Kata Benda,ざっし,雑誌,Majalah,Bab 2
Kata Benda,しんぶん,新聞,Koran,Bab 2
Kata Benda,ノート,ノート,Buku Catatan,Bab 2
Kata Benda,てちょう,手帳,Buku Agenda,Bab 2
Kata Benda,めいし,名刺,Kartu Nama,Bab 2
Kata Benda,カード,カード,Kartu,Bab 2
Kata Benda,えんぴつ,鉛筆,Pensil,Bab 2
Kata Benda,ボールペン,ボールペン,Ballpoint / Pulpen,Bab 2
Kata Benda,シャープペンシル,シャープペンシル,Pensil Mekanik,Bab 2
Kata Benda,かぎ,鍵,Kunci,Bab 2
Kata Benda,とけい,時計,Jam / Arloji,Bab 2
Kata Benda,かさ,傘,Payung,Bab 2
Kata Benda,かばん,鞄,Tas,Bab 2
Kata Benda,テレビ,テレビ,Televisi (TV),Bab 2
Kata Benda,ラジオ,ラジオ,Radio,Bab 2
Kata Benda,カメラ,カメラ,Kamera,Bab 2
Kata Benda,コンピューター,コンピューター,Komputer / PC,Bab 2
Kata Benda,くるま,車,Mobil,Bab 2
Kata Benda,つくえ,机,Meja,Bab 2
Kata Benda,いす,椅子,Kursi,Bab 2
Kata Benda,チョコレート,チョコレート,Cokelat,Bab 2
Kata Benda,コーヒー,コーヒー,Kopi,Bab 2
Kata Benda,おみやげ,お土産,Oleh-oleh,Bab 2
Kata Benda,えいご,英語,Bahasa Inggris,Bab 2
Kata Benda,にほんご,日本語,Bahasa Jepang,Bab 2
Kata Benda,〜ご,〜語,Bahasa ...,Bab 2
Kata Benda,なん,何,Apa,Bab 2
Kata Benda,そう,そう,Begitu,Bab 2
Kata Benda,あのう,あのう,Emm.. (ragu mau bicara),Bab 2
Kata Benda,どうぞ,どうぞ,Silahkan,Bab 2
Ungkapan,そうだすか,そうですか,"Ouwh, begitu ya",Bab 2
Ungkapan,ちがいます,違います,Bukan / Salah,Bab 2
Ungkapan,これからおせわになります,これからお世話になります,"Mulai sekarang, akan sering merepotkan",Bab 2
Ungkapan,こちらこそよろしくおねがいします,こちらこそよろしくお願いします,"Iya, sama-sama",Bab 2
Kata Benda,ここ,ここ,Di sini,Bab 3
Kata Benda,そこ,そこ,Di situ,Bab 3
Kata Benda,あそこ,あそこ,Di sana,Bab 3
Kata Benda,どこ,どこ,Di mana,Bab 3
Kata Benda,こちら,こちら,Sebelah sini,Bab 3
Kata Benda,そちら,そちら,Sebelah situ,Bab 3
Kata Benda,あちら,あちら,Sebelah sana,Bab 3
Kata Benda,どちら,どちら,Sebelah mana,Bab 3
Kata Benda,きょうしつ,教室,Ruang Kelas,Bab 3
Kata Benda,しょくどう,食堂,Ruang Makan / Kantin,Bab 3
Kata Benda,じむしょ,事務所,Kantor,Bab 3
Kata Benda,かいぎしつ,会議室,Ruang Rapat,Bab 3
Kata Benda,うけつけ,受付,Meja Informasi / Resepsionis,Bab 3
Kata Benda,ロビー,ロビー,Lobby / Ruang Tunggu,Bab 3
Kata Benda,へや,部屋,Kamar,Bab 3
Kata Benda,トイレ,トイレ,Toilet / WC,Bab 3
Kata Benda,かいだん,階段,Tangga,Bab 3
Kata Benda,エレベーター,エレベーター,Lift,Bab 3
Kata Benda,エスカレーター,エスカレーター,Eskalator,Bab 3
Kata Benda,じどうはんばいき,自動販売機,Vending Machine / Mesin Jual Otomatis,Bab 3
Kata Benda,でんわ,電話,Telepon,Bab 3
Kata Benda,おくに,お国,Negara,Bab 3
Kata Benda,かいしゃ,会社,Perusahaan,Bab 3
Kata Benda,うち,うち,Rumah,Bab 3
Kata Benda,くつ,靴,Sepatu,Bab 3
Kata Benda,ネクタイ,ネクタイ,Dasi,Bab 3
Kata Benda,ワイン,ワイン,Minuman Wine,Bab 3
Kata Benda,うりば,売り場,Tempat Penjualan,Bab 3
Kata Benda,ちか,地下,Bawah Tanah / Basement,Bab 3
Kata Benda,〜かい（〜がい）,〜階,Lantai ... / Tingkat ...,Bab 3
Kata Benda,なんがい,何階,Lantai Berapa,Bab 3
Kata Benda,〜えん,〜円,... Yen,Bab 3
Kata Benda,いくら,いくら,Berapa (harga),Bab 3
Kata Benda,ひゃく,百,Ratus,Bab 3
Kata Benda,せん,千,Ribu,Bab 3
Kata Benda,まん,万,Puluh Ribu,Bab 3
Ungkapan,すみません,すみません,Maaf / Permisi,Bab 3
Ungkapan,どうも,どうも,Terima Kasih,Bab 3
Ungkapan,いらっしゃいませ,いらっしゃいませ,Selamat Datang / Bisa saya bantu?,Bab 3
Ungkapan,〜をみせてください,〜を見せてください,Tolong perlihatkan,Bab 3
Ungkapan,じゃ,じゃ,Baiklah / Kalau begitu,Bab 3
Ungkapan,〜をください,〜をください,Tolong berikan / Minta ...,Bab 3
Kata Benda,イタリア,イタリア,Italia,Bab 3
Kata Benda,スイス,スイス,Swiss,Bab 3
Kata Benda,フランス,フランス,Perancis,Bab 3
Kata Benda,ジャカルタ,ジャカルタ,Jakarta,Bab 3
Kata Benda,バンコク,バンコク,Bangkok,Bab 3
Kata Benda,ベルリン,ベルリン,Berlin,Bab 3
Kata Benda,しんおおさか,新大阪,Stasiun Shin-Osaka,Bab 3
Kata Kerja,おきます,起きます,Bangun,Bab 4
Kata Kerja,ねます,寝ます,Tidur,Bab 4
Kata Kerja,はたらきます,働きます,Bekerja,Bab 4
Kata Kerja,やすみます,休みます,Beristirahat / Libur,Bab 4
Kata Kerja,べんきょうします,勉強します,Belajar,Bab 4
Kata Kerja,おわります,終わります,Selesai,Bab 4
Kata Benda,デパート,デパート,Department Store / Toserba,Bab 4
Kata Benda,ぎんこう,銀行,Bank,Bab 4
Kata Benda,ゆうびんきょく,郵便局,Kantor Pos,Bab 4
Kata Benda,としょかん,図書館,Perpustakaan,Bab 4
Kata Benda,びじゅつかん,美術館,Gedung Kesenian / Museum Seni,Bab 4
Kata Benda,いま,今,Sekarang,Bab 4
Kata Benda,〜じ,〜時,Jam ... / Pukul ...,Bab 4
Kata Benda,〜ふん（〜ぷん）,〜分,... Menit,Bab 4
Kata Benda,はん,半,Setengah,Bab 4
Kata Benda,なんじ,何時,Jam Berapa,Bab 4
Kata Benda,なんぷん,何分,Berapa Menit,Bab 4
Kata Benda,ごぜん,午前,Pagi / AM (sebelum jam 12),Bab 4
Kata Benda,ごご,午後,Siang-Malam / PM (setelah jam 12),Bab 4
Kata Benda,あさ,朝,Pagi,Bab 4
Kata Benda,ひる,昼,Siang,Bab 4
Kata Benda,ばん（よる）,晩（夜）,Malam,Bab 4
Kata Benda,おととい,おととい,Dua hari yang lalu,Bab 4
Kata Benda,きのう,昨日,Kemarin,Bab 4
Kata Benda,きょう,今日,Hari ini,Bab 4
Kata Benda,あした,明日,Besok,Bab 4
Kata Benda,あさって,明後日,Lusa,Bab 4
Kata Benda,けさ,今朝,Tadi Pagi,Bab 4
Kata Benda,こんばん,今晩,Malam Ini / Nanti Malam,Bab 4
Kata Benda,やすみ,休み,Istirahat / Cuti / Libur,Bab 4
Kata Benda,ひるやすみ,昼休み,Istirahat Siang,Bab 4
Kata Benda,しけん,試験,Ujian,Bab 4
Kata Benda,かいぎ,会議,Rapat,Bab 4
Kata Benda,えいが,映画,Film,Bab 4
Kata Benda,まいあさ,毎朝,Setiap Pagi,Bab 4
Kata Benda,まいばん,毎晩,Setiap Malam,Bab 4
Kata Benda,まいにち,毎日,Setiap Hari,Bab 4
Kata Benda,げつようび,月曜日,Hari Senin,Bab 4
Kata Benda,かようび,火曜日,Hari Selasa,Bab 4
Kata Benda,すいようび,水曜日,Hari Rabu,Bab 4
Kata Benda,もくようび,木曜日,Hari Kamis,Bab 4
Kata Benda,きんようび,金曜日,Hari Jumat,Bab 4
Kata Benda,どようび,土曜日,Hari Sabtu,Bab 4
Kata Benda,にちようび,日曜日,Hari Minggu,Bab 4
Kata Benda,なんようび,何曜日,Hari Apa,Bab 4
Kata Benda,〜から,〜から,Dari ...,Bab 4
Kata Benda,〜まで,〜まで,Sampai ...,Bab 4
Kata Benda,〜と〜,〜と〜,... dan ...,Bab 4
Kata Benda,ばんごう,番号,Nomor,Bab 4
Kata Benda,なんばん,何番,Nomor Berapa,Bab 4
Kata Benda,ニューヨーク,ニューヨーク,New York,Bab 4
Kata Benda,ペキン,北京,Beijing,Bab 4
Kata Benda,ロサンゼルス,ロサンゼルス,Los Angeles,Bab 4
Kata Benda,ロンドン,ロンドン,London,Bab 4
Ungkapan,たいへんですね,大変ですね,"Wah, berat ya (ungkapan simpati)",Bab 4
Kata Kerja,いきます,行きます,Pergi,Bab 5
Kata Kerja,きます,来ます,Datang,Bab 5
Kata Kerja,かえります,帰ります,Pulang,Bab 5
Kata Benda,がっこう,学校,Sekolah,Bab 5
Kata Benda,スーパー,スーパー,Supermarket / Pasar Swalayan,Bab 5
Kata Benda,えき,駅,Stasiun,Bab 5
Kata Benda,ひこうき,飛行機,Pesawat,Bab 5
Kata Benda,ふね,船,Kapal Laut,Bab 5
Kata Benda,でんしゃ,電車,Kereta Rel Listrik,Bab 5
Kata Benda,ちかてつ,地下鉄,Kereta Bawah Tanah,Bab 5
Kata Benda,しんかんせん,新幹線,Kereta Cepat Shinkansen,Bab 5
Kata Benda,バス,バス,Bus,Bab 5
Kata Benda,タクシー,タクシー,Taksi,Bab 5
Kata Benda,じてんしゃ,自転車,Sepeda,Bab 5
Kata Benda,あるいて,歩いて,Dengan Berjalan Kaki,Bab 5
Kata Benda,ひと,人,Orang,Bab 5
Kata Benda,ともだち,友達,Teman,Bab 5
Kata Benda,かれ,彼,Dia (laki-laki),Bab 5
Kata Benda,かのじょ,彼女,Dia (perempuan),Bab 5
Kata Benda,かぞく,家族,Keluarga,Bab 5
Kata Benda,ひとりで,一人で,Sendirian,Bab 5
Kata Benda,せんしゅう,先週,Minggu Lalu,Bab 5
Kata Benda,こんしゅう,今週,Minggu Ini,Bab 5
Kata Benda,らいしゅう,来週,Minggu Depan,Bab 5
Kata Benda,せんげつ,先月,Bulan Lalu,Bab 5
Kata Benda,こんげつ,今月,Bulan Ini,Bab 5
Kata Benda,らいげつ,来月,Bulan Depan,Bab 5
Kata Benda,きょねん,去年,Tahun Lalu,Bab 5
Kata Benda,ことし,今年,Tahun Ini,Bab 5
Kata Benda,らいねん,来年,Tahun Depan,Bab 5
Kata Benda,〜ねん,〜年,Tahun ...,Bab 5
Kata Benda,なんねん,何年,Tahun Berapa,Bab 5
Kata Benda,〜がつ,〜月,Bulan ...,Bab 5
Kata Benda,なんがつ,何月,Bulan Apa,Bab 5
Kata Benda,ついたち,一日,Tanggal 1,Bab 5
Kata Benda,ふつか,二日,Tanggal 2 / Dua hari,Bab 5
Kata Benda,みっか,三日,Tanggal 3 / Tiga hari,Bab 5
Kata Benda,よっか,四日,Tanggal 4 / Empat hari,Bab 5
Kata Benda,いつか,五日,Tanggal 5 / Lima hari,Bab 5
Kata Benda,むいか,六日,Tanggal 6 / Enam hari,Bab 5
Kata Benda,なのか,七日,Tanggal 7 / Tujuh hari,Bab 5
Kata Benda,ようか,八日,Tanggal 8 / Delapan hari,Bab 5
Kata Benda,ここのか,九日,Tanggal 9 / Sembilan hari,Bab 5
Kata Benda,とおか,十日,Tanggal 10 / Sepuluh hari,Bab 5
Kata Benda,じゅうよっか,十四日,Tanggal 14 / Empat belas hari,Bab 5
Kata Benda,はつか,二十日,Tanggal 20 / Dua puluh hari,Bab 5
Kata Benda,にじゅうよっか,二十四日,Tanggal 24 / Dua puluh empat hari,Bab 5
Kata Benda,〜にち,〜日,Hari ... / Tanggal ...,Bab 5
Kata Benda,なんにち,何日,Tanggal Berapa / Berapa Hari,Bab 5
Kata Benda,いつ,いつ,Kapan,Bab 5
Kata Benda,たんじょうび,誕生日,Hari Ulang Tahun,Bab 5
Kata Benda,〜ばんせん,〜番線,Peron Nomor ...,Bab 5
Kata Benda,つぎの,次の,Yang Berikutnya,Bab 5
Kata Benda,ふつう,普通,Biasa (kereta),Bab 5
Kata Benda,きゅうこう,急行,Ekspres (kereta),Bab 5
Kata Benda,とっきゅう,特急,Super Ekspres (kereta),Bab 5
Ungkapan,そうですね,そうですね,"Ya, betul / Ya, begitulah",Bab 5
Ungkapan,[どうも]ありがとうございました,[どうも]ありがとうございました,Terima kasih [banyak],Bab 5
Ungkapan,どういたしまして,どういたしまして,Sama-sama,Bab 5
Kata Kerja,たべます,食べます,Makan,Bab 6
Kata Kerja,のみます,飲みます,Minum,Bab 6
Kata Kerja,すいます,吸います,Merokok / Menghisap (rokok),Bab 6
Kata Kerja,みます,見ます,Melihat,Bab 6
Kata Kerja,ききます,聞きます,Mendengar,Bab 6
Kata Kerja,よみます,読みます,Membaca,Bab 6
Kata Kerja,かきます,書きます,"Menulis, menggambar",Bab 6
Kata Kerja,かいます,買います,Membeli,Bab 6
Kata Kerja,とります,撮ります,Mengambil (foto),Bab 6
Kata Kerja,します,します,"Mengerjakan, melakukan, berbuat",Bab 6
Kata Kerja,あいます,会います,Bertemu,Bab 6
Kata Benda,ごはん,ご飯,Nasi,Bab 6
Kata Benda,あさごはん,朝ご飯,Sarapan,Bab 6
Kata Benda,ひるごはん,昼ご飯,Makan Siang,Bab 6
Kata Benda,ばんごはん,晩ご飯,Makan Malam,Bab 6
Kata Benda,パン,パン,Roti,Bab 6
Kata Benda,たまご,卵,Telur,Bab 6
Kata Benda,にく,肉,Daging,Bab 6
Kata Benda,さかな,魚,Ikan,Bab 6
Kata Benda,やさい,野菜,Sayur,Bab 6
Kata Benda,くだもの,果物,Buah,Bab 6
Kata Benda,みず,水,Air,Bab 6
Kata Benda,おちゃ,お茶,Teh Hijau / Teh Jepang,Bab 6
Kata Benda,こうちゃ,紅茶,Teh Hitam,Bab 6
Kata Benda,ぎゅうにゅう,牛乳,Susu,Bab 6
Kata Benda,ジュース,ジュース,Jus / Sari Buah,Bab 6
Kata Benda,ビール,ビール,Bir,Bab 6
Kata Benda,[お]さけ,[お]酒,Minuman beralkohol / Minuman keras,Bab 6
Kata Benda,たばこ,たばこ,Rokok,Bab 6
Kata Benda,てがみ,手紙,Surat,Bab 6
Kata Benda,レポート,レポート,Laporan,Bab 6
Kata Benda,しゃしん,写真,Foto,Bab 6
Kata Benda,ビデオ,ビデオ,Video,Bab 6
Kata Benda,みせ,店,Toko,Bab 6
Kata Benda,にわ,庭,Halaman,Bab 6
Kata Benda,しゅくだい,宿題,Pekerjaan Rumah / PR,Bab 6
Kata Benda,テニス,テニス,Tenis,Bab 6
Kata Benda,サッカー,サッカー,Sepak Bola,Bab 6
Kata Benda,[お]はなみ,[お]花見,Kegiatan melihat dan menikmati bunga Sakura,Bab 6
Kata Benda,なに,何,Apa,Bab 6
Kata Benda,いっしょに,一緒に,Bersama-sama,Bab 6
Kata Benda,ちょっと,ちょっと,"Sebentar, sedikit",Bab 6
Kata Benda,いつも,いつも,Selalu,Bab 6
Kata Benda,ときどき,時々,Kadang-kadang,Bab 6
Kata Benda,それから,それから,"Setelah itu, kemudian",Bab 6
Kata Benda,ええ,ええ,Iya,Bab 6
Kata Benda,いいですね,いいですね,Bagus ya / Baik ya,Bab 6
Kata Benda,なんですか,何ですか,Apa?,Bab 6
Kata Benda,じゃ、また,じゃ、また,"OK, sampai jumpa",Bab 6
Kata Benda,メキシコ,メキシコ,Meksiko,Bab 6
Kata Kerja,きります,切ります,Memotong,Bab 7
Kata Kerja,おくります,送ります,Mengirim,Bab 7
Kata Kerja,あげます,あげます,Memberikan,Bab 7
Kata Kerja,もらいます,もらいます,"Mendapatkan, menerima",Bab 7
Kata Kerja,かします,貸します,"Meminjamkan, menyewakan",Bab 7
Kata Kerja,かります,借ります,"Meminjam, menyewa",Bab 7
Kata Kerja,おしえます,教えます,Mengajar,Bab 7
Kata Kerja,ならいます,習います,Belajar (dari seseorang),Bab 7
Kata Kerja,[でんわを〜]かけます,[電話を〜]かけます,Menelpon,Bab 7
Kata Benda,はし,箸,Sumpit,Bab 7
Kata Benda,スプーン,スプーン,Sendok,Bab 7
Kata Benda,ナイフ,ナイフ,Pisau,Bab 7
Kata Benda,フォーク,フォーク,Garpu,Bab 7
Kata Benda,はさみ,はさみ,Gunting,Bab 7
Kata Benda,パソコン,パソコン,"Komputer PC, laptop",Bab 7
Kata Benda,ケータイ,ケータイ,Handphone,Bab 7
Kata Benda,メール,メール,Email,Bab 7
Kata Benda,ねんがじょう,年賀状,Kartu Tahun Baru,Bab 7
Kata Benda,パンチ,パンチ,Pelubang Kertas,Bab 7
Kata Benda,ホッチキス,ホッチキス,Stepler,Bab 7
Kata Benda,セロテープ,セロテープ,Selotip,Bab 7
Kata Benda,けしゴム,消しゴム,Penghapus karet,Bab 7
Kata Benda,かみ,紙,Kertas,Bab 7
Kata Benda,はな,花,Bunga,Bab 7
Kata Benda,シャツ,シャツ,Kemeja,Bab 7
Kata Benda,プレゼント,プレゼント,"Kado, hadiah",Bab 7
Kata Benda,にもつ,荷物,Barang,Bab 7
Kata Benda,おかね,お金,Uang,Bab 7
Kata Benda,きっぷ,切符,Karcis,Bab 7
Kata Benda,クリスマス,クリスマス,Natal,Bab 7
Kata Benda,ちち,父,Bapak / Ayah (kata kasar),Bab 7
Kata Benda,はは,母,Ibu (kata kasar),Bab 7
Kata Benda,おとうさん,お父さん,Bapak / Ayah (sopan),Bab 7
Kata Benda,おかあさん,お母さん,Ibu (sopan),Bab 7
Kata Benda,て,手,Tangan,Bab 7
Kata Benda,スペイン,スペイン,Spanyol,Bab 7
Ungkapan,もう,もう,Sudah,Bab 7
Ungkapan,まだ,まだ,Belum,Bab 7
Ungkapan,これから,これから,Mulai dari sekarang,Bab 7
Ungkapan,[〜、]すてきですね,[〜、]すてきですね,[~] Bagus ya / Indah ya,Bab 7
Ungkapan,いらっしゃい,いらっしゃい,Selamat datang,Bab 7
Ungkapan,どうぞおあがりください,どうぞお上がりください,Silahkan masuk,Bab 7
Ungkapan,しつれいします,失礼します,Permisi,Bab 7
Ungkapan,[〜は]いかがですか,[〜は]いかがですか,Bagaimana [dengan ~]? (menawarkan sesuatu),Bab 7
Ungkapan,いただきます,いただきます,Selamat makan,Bab 7
Ungkapan,ごちそうさま[でした],ごちそうさま[でした],Terima kasih atas hidangannya (setelah makan),Bab 7
Kata Sifat Na,ハンサム[な],ハンサム[な],Tampan / Gagah / Ganteng,Bab 8
Kata Sifat Na,きれい[な],きれい[な],Cantik / Bersih,Bab 8
Kata Sifat Na,しずか[な],静か[な],Sunyi / Tenang,Bab 8
Kata Sifat Na,にぎやか[な],賑やか[な],Ramai,Bab 8
Kata Sifat Na,ゆうめい[な],有名[な],Terkenal,Bab 8
Kata Sifat Na,しんせつ[な],親切[な],Baik hati (tidak dipakai untuk keluarga sendiri),Bab 8
Kata Sifat Na,げんき[な],元気[な],Sehat,Bab 8
Kata Sifat Na,ひま[な],暇[な],Senggang,Bab 8
Kata Sifat Na,べんり[な],便利[な],Praktis,Bab 8
Kata Sifat Na,すてき[な],素敵[な],Bagus,Bab 8
Kata Sifat I,おおきい,大きい,Besar,Bab 8
Kata Sifat I,ちいさい,小さい,Kecil,Bab 8
Kata Sifat I,あたらしい,新しい,Baru,Bab 8
Kata Sifat I,ふるい,古い,Lama / Tua,Bab 8
Kata Sifat I,いい（よい）,いい（よい）,Baik / Bagus,Bab 8
Kata Sifat I,わるい,悪い,Buruk / Jelek / Tidak Baik,Bab 8
Kata Sifat I,あつい,暑い / 熱い,Panas,Bab 8
Kata Sifat I,さむい,寒い,Dingin (suhu udara),Bab 8
Kata Sifat I,つめたい,冷たい,Dingin (benda yang terasa dingin),Bab 8
Kata Sifat I,むずかしい,難しい,Sulit / Susah,Bab 8
Kata Sifat I,やさしい,易しい,Mudah / Gampang,Bab 8
Kata Sifat I,たかい,高い,Tinggi / Mahal,Bab 8
Kata Sifat I,やすい,安い,Murah,Bab 8
Kata Sifat I,ひくい,低い,Rendah,Bab 8
Kata Sifat I,おもしろい,面白い,Menarik / Lucu,Bab 8
Kata Sifat I,おいしい,美味しい,Enak,Bab 8
Kata Sifat I,いそがしい,忙しい,Sibuk,Bab 8
Kata Sifat I,たのしい,楽しい,Senang / Menyenangkan,Bab 8
Kata Sifat I,しろい,白い,Putih,Bab 8
Kata Sifat I,くろい,黒い,Hitam,Bab 8
Kata Sifat I,あかい,赤い,Merah,Bab 8
Kata Sifat I,あおい,青い,Biru,Bab 8
Kata Benda,さくら,桜,Bunga Sakura,Bab 8
Kata Benda,やま,山,Gunung,Bab 8
Kata Benda,まち,町,Kota,Bab 8
Kata Benda,たべもの,食べ物,Makanan,Bab 8
Kata Benda,ところ,所,Tempat,Bab 8
Kata Benda,りょう,寮,Asrama,Bab 8
Kata Benda,レストラン,レストラン,Restoran,Bab 8
Kata Benda,せいかつ,生活,Kehidupan,Bab 8
Kata Benda,[お]しごと,[お]仕事,Pekerjaan,Bab 8
Kata Benda,どう,どう,Bagaimana,Bab 8
Kata Benda,どんな,どんな,Yang bagaimana,Bab 8
Kata Benda,とても,とても,Sangat / ~ sekali,Bab 8
Kata Benda,あまり,あまり,Kurang begitu ~ / Tidak begitu ~ (diikuti bentuk negatif),Bab 8
Ungkapan,そして,そして,Kemudian / Lalu / Dan,Bab 8
Ungkapan,〜が、〜,〜が、〜,~ ... tetapi ~,Bab 8
Kata Benda,ふじさん,富士山,Gunung Fuji,Bab 8
Kata Kerja,わかります,分かります,Mengerti,Bab 9
Kata Kerja,あります,あります,Ada / Mempunyai (benda),Bab 9
Kata Sifat Na,すき[な],好き[な],Suka / Gemar,Bab 9
Kata Sifat Na,きらい[な],嫌い[な],Tidak suka,Bab 9
Kata Sifat Na,じょうず[な],上手[な],Pandai / Pintar,Bab 9
Kata Sifat Na,へた[な],下手[な],Tidak pandai,Bab 9
Kata Benda,のみもの,飲み物,Minuman,Bab 9
Kata Benda,りょうり,料理,Masakan,Bab 9
Kata Benda,スポーツ,スポーツ,Olahraga,Bab 9
Kata Benda,やきゅう,野球,Baseball,Bab 9
Kata Benda,ダンス,ダンス,Dansa,Bab 9
Kata Benda,りょこう,旅行,Tamasya / Travel,Bab 9
Kata Benda,おんがく,音楽,Musik,Bab 9
Kata Benda,うた,歌,Lagu,Bab 9
Kata Benda,クラシック,クラシック,Klasik,Bab 9
Kata Benda,ジャズ,ジャズ,Jazz,Bab 9
Kata Benda,コンサート,コンサート,Konser,Bab 9
Kata Benda,カラオケ,カラオケ,Karaoke,Bab 9
Kata Benda,かぶき,歌舞伎,Kabuki (drama tradisional Jepang),Bab 9
Kata Benda,かんじ,漢字,Huruf Kanji,Bab 9
Kata Benda,ひらがな,ひらがな,Huruf Hiragana,Bab 9
Kata Benda,かたかな,カタカナ,Huruf Katakana,Bab 9
Kata Benda,ローマじ,ローマ字,Huruf Latin,Bab 9
Kata Benda,え,絵,Gambar,Bab 9
Kata Benda,じ,字,Huruf / Tulisan,Bab 9
Kata Benda,こまかいおかね,細かいお金,Uang kecil / Receh,Bab 9
Kata Benda,チケット,チケット,Tiket,Bab 9
Kata Benda,じかん,時間,Jam / Waktu,Bab 9
Kata Benda,ようじ,用事,Urusan,Bab 9
Kata Benda,やくそく,約束,Janji,Bab 9
Kata Benda,アルバイト,アルバイト,Kerja paruh waktu / Part time,Bab 9
Kata Benda,ごしゅじん,ご主人,Suami (orang lain),Bab 9
Kata Benda,おっと / しゅじん,夫 / 主人,Suami (milik sendiri),Bab 9
Kata Benda,おくさん,奥さん,Istri (orang lain),Bab 9
Kata Benda,つま / かない,妻 / 家内,Istri (milik sendiri),Bab 9
Kata Benda,こども,子供,Anak,Bab 9
Kata Benda,よく,よく,Dengan baik (dari kata sifat いい),Bab 9
Kata Benda,だいたい,大体,Kira-kira / Kurang lebih,Bab 9
Kata Benda,たくさん,たくさん,Banyak,Bab 9
Kata Benda,すこし,少し,Sedikit,Bab 9
Kata Benda,ぜんぜん,全然,Sama sekali (diikuti bentuk negatif),Bab 9
Kata Benda,はやく,早く,Dengan cepat,Bab 9
Ungkapan,〜から,〜から,Karena ~,Bab 9
Ungkapan,どうして,どうして,Kenapa,Bab 9
Ungkapan,かしてください,貸してください,Tolong pinjamkan,Bab 9
Ungkapan,いいですよ,いいですよ,Boleh,Bab 9
Ungkapan,ざんねんです[が],残念です[が],Sayang sekali,Bab 9
Ungkapan,ああ,ああ,Oh.. / Ah..,Bab 9
Ungkapan,いっしょにいかがですか,一緒にいかがですか,Bagaimana kalau bersama-sama?,Bab 9
Ungkapan,[〜は]ちょっと,[〜は]ちょっと,Maaf ya saya tidak bisa.. (menolak secara tidak langsung),Bab 9
Ungkapan,だめですか,だめですか,Tidak bisa ya? / Tidak boleh ya?,Bab 9
Ungkapan,またこんどおねがいします,また今度お願いします,Maaf lain kali saja ya,Bab 9
Kata Kerja,あります,あります,Ada (untuk benda mati),Bab 10
Kata Kerja,います,います,Ada (untuk makhluk hidup),Bab 10
Kata Sifat Na,いろいろ[な],いろいろ[な],Berbagai,Bab 10
Kata Benda,おとこのひと,男の人,Orang laki-laki,Bab 10
Kata Benda,おんなのひと,女の人,Orang perempuan,Bab 10
Kata Benda,おとこのこ,男の子,Anak Laki-laki,Bab 10
Kata Benda,おんなのこ,女の子,Anak Perempuan,Bab 10
Kata Benda,いぬ,犬,Anjing,Bab 10
Kata Benda,ねこ,猫,Kucing,Bab 10
Kata Benda,パンダ,パンダ,Panda,Bab 10
Kata Benda,ぞう,象,Gajah,Bab 10
Kata Benda,き,木,Pohon,Bab 10
Kata Benda,もの,物,Barang,Bab 10
Kata Benda,でんち,電池,Baterai,Bab 10
Kata Benda,はこ,箱,Kotak,Bab 10
Kata Benda,スイッチ,スイッチ,Tombol / Saklar,Bab 10
Kata Benda,れいぞうこ,冷蔵庫,Kulkas / Lemari Es,Bab 10
Kata Benda,テーブル,テーブル,Meja makan,Bab 10
Kata Benda,ベッド,ベッド,Tempat tidur,Bab 10
Kata Benda,たな,棚,Lemari,Bab 10
Kata Benda,ドア,ドア,Pintu,Bab 10
Kata Benda,まど,窓,Jendela,Bab 10
Kata Benda,ポスト,ポスト,Kotak Surat,Bab 10
Kata Benda,ビル,ビル,Gedung,Bab 10
Kata Benda,コンビニ,コンビニ,Convenience Store / Minimarket,Bab 10
Kata Benda,こうえん,公園,Taman,Bab 10
Kata Benda,きっさてん,喫茶店,Coffee shop / Kedai kopi,Bab 10
Kata Benda,〜や,〜屋,Toko ~,Bab 10
Kata Benda,のりば,乗り場,Tempat naik,Bab 10
Kata Benda,けん,県,Prefektur,Bab 10
Kata Benda,うえ,上,Atas,Bab 10
Kata Benda,した,下,Bawah,Bab 10
Kata Benda,まえ,前,Depan,Bab 10
Kata Benda,うしろ,後ろ,Belakang,Bab 10
Kata Benda,みぎ,右,Kanan,Bab 10
Kata Benda,ひだり,左,Kiri,Bab 10
Kata Benda,なか,中,Dalam,Bab 10
Kata Benda,そと,外,Luar,Bab 10
Kata Benda,となり,隣,Sebelah,Bab 10
Kata Benda,ちかく,近く,Dekat,Bab 10
Kata Benda,あいだ,間,Antara,Bab 10
Kata Benda,コーナー,コーナー,Bagian / Korner penjualan,Bab 10
Kata Benda,いちばんした,一番下,Paling bawah,Bab 10
Kata Kerja,います [こどもが〜],います [子どもが〜],Ada / Mempunyai [anak],Bab 11
Kata Kerja,います [にほんに〜],います [日本に〜],Ada [di Jepang],Bab 11
Kata Kerja,かかります,かかります,Memakan [waktu/uang] / Perlu [waktu/uang],Bab 11
Kata Kerja,やすみます,休みます,Libur / Tidak masuk kerja,Bab 11
Kata Benda,ひとつ,一つ,Satu / Sebuah,Bab 11
Kata Benda,ふたつ,二つ,Dua / Dua buah,Bab 11
Kata Benda,みっつ,三つ,Tiga / Tiga buah,Bab 11
Kata Benda,よっつ,四つ,Empat / Empat buah,Bab 11
Kata Benda,いつつ,五つ,Lima / Lima buah,Bab 11
Kata Benda,むっつ,六つ,Enam / Enam buah,Bab 11
Kata Benda,ななつ,七つ,Tujuh / Tujuh buah,Bab 11
Kata Benda,やっつ,八つ,Delapan / Delapan buah,Bab 11
Kata Benda,ここのつ,九つ,Sembilan / Sembilan buah,Bab 11
Kata Benda,とお,十,Sepuluh,Bab 11
Kata Benda,いくつ,いくつ,Berapa [jumlah],Bab 11
Kata Benda,ひとり,一人,Seorang,Bab 11
Kata Benda,ふたり,二人,Dua orang,Bab 11
Kata Benda,〜にん,〜人,~ Orang,Bab 11
Kata Benda,〜だい,〜台,~ Buah/unit (mesin atau mobil),Bab 11
Kata Benda,〜まい,〜枚,~ Lembar / helai (kertas dan perangko),Bab 11
Kata Benda,〜かい,〜回,~ Kali,Bab 11
Kata Benda,りんご,りんご,Apel,Bab 11
Kata Benda,みかん,みかん,Jeruk,Bab 11
Kata Benda,サンドイッチ,サンドイッチ,Sandwich,Bab 11
Kata Benda,カレー[ライス],カレー[ライス],[Nasi dan] Kare,Bab 11
Kata Benda,アイスクリーム,アイスクリーム,Es Krim,Bab 11
Kata Benda,きって,切手,Perangko,Bab 11
Kata Benda,はがき,葉書,Kartu Pos,Bab 11
Kata Benda,ふうとう,封筒,Amplop,Bab 11
Kata Benda,りょうしん,両親,Orang tua,Bab 11
Kata Benda,きょうだい,兄弟,Saudara / Saudari,Bab 11
Kata Benda,あに,兄,Kakak laki-laki (milik sendiri),Bab 11
Kata Benda,おにいさん,お兄さん,Kakak laki-laki (milik orang lain),Bab 11
Kata Benda,あね,姉,Kakak perempuan (milik sendiri),Bab 11
Kata Benda,おねえさん,お姉さん,Kakak perempuan (milik orang lain),Bab 11
Kata Benda,おとうと,弟,Adik laki-laki (milik sendiri),Bab 11
Kata Benda,おとうとさん,弟さん,Adik laki-laki (milik orang lain),Bab 11
Kata Benda,いもうと,妹,Adik perempuan (milik sendiri),Bab 11
Kata Benda,いもうとさん,妹さん,Adik perempuan (milik orang lain),Bab 11
Kata Benda,がいこく,外国,Luar Negeri,Bab 11
Kata Benda,りゅうがくせい,留学生,Pelajar Asing,Bab 11
Kata Benda,クラス,クラス,Kelas,Bab 11
Kata Benda,〜じかん,〜時間,~ Jam,Bab 11
Kata Benda,〜しゅうかん,〜週間,~ Minggu,Bab 11
Kata Benda,〜かげつ,〜ヶ月,~ Bulan,Bab 11
Kata Benda,〜ねん,〜年,~ Tahun,Bab 11
Kata Benda,〜ぐらい,〜ぐらい,~ Kira-kira,Bab 11
Kata Benda,どのぐらい,どのぐらい,Berapa lama,Bab 11
Kata Benda,ぜんぶで,全部で,Semuanya,Bab 11
Kata Benda,みんな,みんな,Semua,Bab 11
Kata Benda,〜だけ,〜だけ,Hanya ~ / ~ Saja,Bab 11
Ungkapan,かしこまりました,かしこまりました,Baik / Dimengerti,Bab 11
Ungkapan,いいおてんきですね,いいお天気ですね,Cuacanya bagus ya,Bab 11
Ungkapan,おでかけですか,お出かけですか,Mau pergi-pergi?,Bab 11
Ungkapan,ちょっと〜まで,ちょっと〜まで,Ke ~ sebentar,Bab 11
Ungkapan,いってらっしゃい,いってらっしゃい,Selamat jalan / Hati-hati di jalan,Bab 11
Ungkapan,ふなびん,船便,Pos laut,Bab 11
Ungkapan,こうくうびん,航空便,Pos udara,Bab 11
Ungkapan,おねがいします,お願いします,Mohon,Bab 11
Kata Benda,オーストラリア,オーストラリア,Australia,Bab 11
Kata Sifat Na,かんたん[な],簡単[な],Mudah / Gampang,Bab 12
Kata Sifat I,ちかい,近い,Dekat,Bab 12
Kata Sifat I,とおい,遠い,Jauh,Bab 12
Kata Sifat I,はやい,早い,Cepat,Bab 12
Kata Sifat I,おそい,遅い,Lambat,Bab 12
Kata Sifat I,おおい,多い,Banyak,Bab 12
Kata Sifat I,すくない,少ない,Sedikit,Bab 12
Kata Sifat I,あたたかい,暖かい,Hangat,Bab 12
Kata Sifat I,すずしい,涼しい,Sejuk,Bab 12
Kata Sifat I,あまい,甘い,Manis,Bab 12
Kata Sifat I,からい,辛い,Pedas,Bab 12
Kata Sifat I,おもい,重い,Berat,Bab 12
Kata Sifat I,かるい,軽い,Ringan,Bab 12
Kata Sifat I,いい,いい,Baik / Bagus,Bab 12
Kata Benda,きせつ,季節,Musim,Bab 12
Kata Benda,はる,春,Musim Semi,Bab 12
Kata Benda,なつ,夏,Musim Panas,Bab 12
Kata Benda,あき,秋,Musim Gugur,Bab 12
Kata Benda,ふゆ,冬,Musim Dingin,Bab 12
Kata Benda,てんき,天気,Cuaca,Bab 12
Kata Benda,あめ,雨,Hujan,Bab 12
Kata Benda,ゆき,雪,Salju,Bab 12
Kata Benda,くもり,曇り,Mendung,Bab 12
Kata Benda,ホテル,ホテル,Hotel,Bab 12
Kata Benda,くうこう,空港,Bandara,Bab 12
Kata Benda,うみ,海,Laut,Bab 12
Kata Benda,せかい,世界,Dunia,Bab 12
Kata Benda,パーティー,パーティー,Pesta,Bab 12
Kata Benda,[お]まつり,[お]祭り,Perayaan / Festival,Bab 12
Kata Benda,すきやき,すき焼き,Sukiyaki (masakan daging khas Jepang),Bab 12
Kata Benda,さしみ,刺身,Sashimi (ikan mentah yang dipotong tipis),Bab 12
Kata Benda,てんぷら,天ぷら,Tempura (gorengan khas Jepang),Bab 12
Kata Benda,ぶたにく,豚肉,Daging babi,Bab 12
Kata Benda,とりにく,鶏肉,Daging ayam,Bab 12
Kata Benda,ぎゅうにく,牛肉,Daging sapi,Bab 12
Kata Benda,レモン,レモン,Lemon,Bab 12
Kata Benda,いけばな,生け花,Seni merangkai bunga,Bab 12
Kata Benda,もみじ,紅葉,Daun Maple,Bab 12
Kata Benda,シンガポール,シンガポール,Singapura,Bab 12
Ungkapan,どちら,どちら,Yang mana,Bab 12
Ungkapan,どちらも,どちらも,Dua-duanya / Yang manapun,Bab 12
Ungkapan,いちばん,一番,Paling / Nomor Satu,Bab 12
Ungkapan,ずっと,ずっと,Jauh lebih,Bab 12
Ungkapan,はじめて,初めて,Untuk pertama kali,Bab 12
Ungkapan,ただいま,ただいま,Saya Kembali / Saya Pulang,Bab 12
Ungkapan,おかえりなさい,お帰りなさい,Selamat Datang kembali,Bab 12
Ungkapan,つかれました,疲れました,Lelah,Bab 12
Kata Kerja,あそびます,遊びます,Bermain,Bab 13
Kata Kerja,およぎます,泳ぎます,Berenang,Bab 13
Kata Kerja,むかえます,迎えます,Menjemput,Bab 13
Kata Kerja,つかれます,疲れます,Lelah,Bab 13
Kata Kerja,けっこんします,結婚します,Menikah,Bab 13
Kata Kerja,かいものします,買い物します,Berbelanja,Bab 13
Kata Kerja,しょくじします,食事します,Makan,Bab 13
Kata Kerja,さんぽします,散歩します,Berjalan-jalan,Bab 13
Kata Kerja,のどがかわきます,のどが乾きます,Haus,Bab 13
Kata Kerja,おなかがすきます,お腹が空きます,Lapar,Bab 13
Kata Sifat Na,たいへん[な],大変[な],Berat / Susah,Bab 13
Kata Sifat I,ほしい,欲しい,Ingin / Mau,Bab 13
Kata Sifat I,ひろい,広い,Luas,Bab 13
Kata Sifat I,せまい,狭い,Sempit,Bab 13
Kata Benda,プール,プール,Kolam Renang,Bab 13
Kata Benda,かわ,川,Sungai,Bab 13
Kata Benda,びじゅつ,美術,Seni,Bab 13
Kata Benda,つり,釣り,Pancing,Bab 13
Kata Benda,スキー,スキー,Ski,Bab 13
Kata Benda,しゅうまつ,週末,Akhir pekan,Bab 13
Kata Benda,[お]しょうがつ,[お]正月,Tahun Baru,Bab 13
Kata Benda,ぎゅうどん,牛丼,Gyudon (Nasi Daging Sapi),Bab 13
Kata Benda,ていしょく,定食,Menu paket,Bab 13
Ungkapan,〜ごろ,〜ごろ,Sekitar ~ / Kira-kira (untuk waktu),Bab 13
Ungkapan,なにか,何か,Sesuatu,Bab 13
Ungkapan,どこか,どこか,Suatu tempat,Bab 13
Ungkapan,そうしましょう,そうしましょう,Ya mari (menyetujui aksi orang lain),Bab 13
Ungkapan,ごちゅうもんは,ご注文は,Mau pesan apa?,Bab 13
Ungkapan,[しょうしょう]おまちください,[少々]お待ちください,Tunggu [sebentar],Bab 13
Ungkapan,でございます,でございます,Bentuk halus dari です,Bab 13
Ungkapan,べつべつに,別々に,Sendiri-sendiri / Masing-masing,Bab 13
Kata Kerja,つけます,付けます,"Menyalakan, memasang, menghidupkan (Klp. 2)",Bab 14
Kata Kerja,けします,消します,"Mematikan, memadamkan (Klp. 1)",Bab 14
Kata Kerja,あけます,開けます,Membuka (Klp. 2),Bab 14
Kata Kerja,しめます,閉めます,Menutup (Klp. 2),Bab 14
Kata Kerja,いそぎます,急ぎます,Buru-buru (Klp. 1),Bab 14
Kata Kerja,まちます,待ちます,Menunggu (Klp. 1),Bab 14
Kata Kerja,もちます,持ちます,Membawa (Klp. 1),Bab 14
Kata Kerja,とります,取ります,Mengambil (Klp. 1),Bab 14
Kata Kerja,てつだいます,手伝います,Membantu (Klp. 1),Bab 14
Kata Kerja,よびます,呼びます,Memanggil (Klp. 1),Bab 14
Kata Kerja,はなします,話します,Berbicara (Klp. 1),Bab 14
Kata Kerja,つかいます,使います,Memakai (Klp. 1),Bab 14
Kata Kerja,とめます,止めます,"Menghentikan, memarkir (Klp. 2)",Bab 14
Kata Kerja,みせます,見せます,Memperlihatkan (Klp. 2),Bab 14
Kata Kerja,おしえます,教えます,Memberitahukan (Klp. 2),Bab 14
Kata Kerja,すわります,座ります,Duduk (Klp. 1),Bab 14
Kata Kerja,たちます,立ちます,Berdiri (Klp. 1),Bab 14
Kata Kerja,はいります [きっさてんに〜],入ります [喫茶店に〜],Masuk [ke coffee shop] (Klp. 1),Bab 14
Kata Kerja,でます [きっさてんを〜],出ます [喫茶店を〜],Keluar [dari coffee shop] (Klp. 2),Bab 14
Kata Kerja,ふります [あめが〜],降ります [雨が〜],Turun [hujan] (Klp. 1),Bab 14
Kata Kerja,コピーします,コピーします,Memfotokopi (Klp. 3),Bab 14
Kata Benda,でんき,電気,"Listrik, lampu",Bab 14
Kata Benda,エアコン,エアコン,AC,Bab 14
Kata Benda,パスポート,パスポート,Passport,Bab 14
Kata Benda,なまえ,名前,Nama,Bab 14
Kata Benda,じゅうしょ,住所,Alamat,Bab 14
Kata Benda,ちず,地図,Peta,Bab 14
Kata Benda,しお,塩,Garam,Bab 14
Kata Benda,さとう,砂糖,Gula,Bab 14
Kata Benda,もんだい,問題,"Masalah, soal",Bab 14
Kata Benda,こたえ,答え,Jawaban,Bab 14
Kata Benda,よみかた,読み方,Cara membaca,Bab 14
Kata Benda,〜かた,〜方,Cara ~,Bab 14
Ungkapan,まっすぐ,まっすぐ,Lurus,Bab 14
Ungkapan,ゆっくり,ゆっくり,"Pelan-pelan, istirahat dengan baik",Bab 14
Ungkapan,すぐ,すぐ,"Segera, langsung",Bab 14
Ungkapan,また,また,Lagi,Bab 14
Ungkapan,あとで,後で,Nanti,Bab 14
Ungkapan,もうすこし,もう少し,Sedikit lagi,Bab 14
Ungkapan,もう〜,もう〜,~ Lagi,Bab 14
Ungkapan,おつり,お釣り,Uang kembalian,Bab 14
Ungkapan,これでおねがいします,これでお願いします,Minta dengan ini / Minta tolong ini saja,Bab 14
Ungkapan,さあ,さあ,Mari (mengajak/menyuruh sesuatu kepada orang lain),Bab 14
Ungkapan,あれ？,あれ？,Ah? / Loh kok? (ungkapan ketika merasa heran/aneh),Bab 14
Ungkapan,しんごうをみぎへまがってください,信号を右へ曲がってください,Tolong belok ke kanan di lampu lalu lintas,Bab 14
Kata Kerja,おきます,置きます,"Meletakkan, menaruh (Klp. 1)",Bab 15
Kata Kerja,つくります,作ります,"Membuat, membangun, memproduksi (Klp. 1)",Bab 15
Kata Kerja,うります,売ります,Menjual (Klp. 1),Bab 15
Kata Kerja,しります,知ります,"Mengetahui, mengenal (Klp. 1)",Bab 15
Kata Kerja,すみます,住みます,Tinggal (Klp. 1),Bab 15
Kata Kerja,けんきゅうします,研究します,Meneliti (Klp. 3),Bab 15
Kata Kerja,おもいだします,思い出します,Teringat (Klp. 1),Bab 15
Kata Kerja,いらっしゃいます,いらっしゃいます,Ada (orang) - Bentuk hormat dari います (Klp. 1),Bab 15
Kata Benda,しりょう,資料,"Data, bahan",Bab 15
Kata Benda,カタログ,カタログ,Katalog,Bab 15
Kata Benda,じこくひょう,時刻表,Jadwal,Bab 15
Kata Benda,ふく,服,Baju,Bab 15
Kata Benda,せいひん,製品,Produk,Bab 15
Kata Benda,ソフト,ソフト,Perangkat Lunak / Software,Bab 15
Kata Benda,でんしじしょ,電子辞書,Kamus Elektronik,Bab 15
Kata Benda,けいざい,経済,Ekonomi,Bab 15
Kata Benda,しやくしょ,市役所,Kantor Wali Kota,Bab 15
Kata Benda,こうこう,高校,SMA (Sekolah Menengah Atas),Bab 15
Kata Benda,はいしゃ,歯医者,Dokter Gigi,Bab 15
Kata Benda,どくしん,独身,Bujangan / Belum Berkeluarga,Bab 15
Kata Kerja (Klp 1),のります,乗ります,Naik (kendaraan),Bab 16
Kata Kerja (Klp 2),おります,降ります,Turun (dari kendaraan),Bab 16
Kata Kerja (Klp 1),のりかえます,乗り換えます,"Ganti, pindah (kereta, bus, atau kendaraan lainnya)",Bab 16
Kata Kerja (Klp 1),あびます,浴びます,Mandi (shower),Bab 16
Kata Kerja (Klp 2),いれます,入れます,Memasukkan,Bab 16
Kata Kerja (Klp 1),だします,出します,"Mengeluarkan, menyerahkan, mengirim",Bab 16
Kata Kerja (Klp 1),おろします,下ろします,"Mengeluarkan, mengambil, menurunkan",Bab 16
Kata Kerja (Klp 1),はいります,入ります,Masuk,Bab 16
Kata Kerja (Klp 2),でます,出ます,Keluar,Bab 16
Kata Kerja (Klp 1),おします,押します,Menekan,Bab 16
Kata Kerja (Klp 1),のみます,飲みます,Minum (bisa juga berarti minum minuman keras),Bab 16
Kata Kerja (Klp 2),はじめます,始めます,Memulai,Bab 16
Kata Kerja (Klp 3),けんがくします,見学します,Mengunjungi (untuk belajar/observasi),Bab 16
Kata Kerja (Klp 3),でんわします,電話します,Menelpon,Bab 16
Kata Sifat I,わかい,若い,Muda,Bab 16
Kata Sifat I,ながい,長い,Panjang,Bab 16
Kata Sifat I,みじかい,短い,Pendek,Bab 16
Kata Sifat I,あかるい,明るい,Terang,Bab 16
Kata Sifat I,くらい,暗い,Gelap,Bab 16
Kata Benda,からだ,体,Badan,Bab 16
Kata Benda,あたま,頭,Kepala,Bab 16
Kata Benda,かみ,髪,Rambut,Bab 16
Kata Benda,かお,顔,Muka / Wajah,Bab 16
Kata Benda,め,目,Mata,Bab 16
Kata Benda,みみ,耳,Telinga,Bab 16
Kata Benda,はな,鼻,Hidung,Bab 16
Kata Benda,くち,口,Mulut,Bab 16
Kata Benda,は,歯,Gigi,Bab 16
Kata Benda,おなか,お腹,Perut,Bab 16
Kata Benda,あし,足,Kaki,Bab 16
Kata Benda,せ,背,Punggung,Bab 16
Kata Benda,サービス,サービス,Pelayanan / Service,Bab 16
Kata Benda,ジョギング,ジョギング,Joging / Lari santai,Bab 16
Kata Benda,シャワー,シャワー,Shower,Bab 16
Kata Benda,みどり,緑,Hijau / Tumbuhan hijau,Bab 16
Kata Benda,[お]てら,[お]寺,Kuil / Wihara (Buddha),Bab 16
Kata Benda,じんじゃ,神社,Kuil Shinto,Bab 16
Kata Benda,〜ばん,〜番,Nomor ~,Bab 16
Ungkapan,すごいですね,すごいですね,Hebat ya,Bab 16
Ungkapan,まず,まず,Pertama-tama / Terlebih dahulu,Bab 16
Ungkapan,つぎに,次に,Kemudian / Selanjutnya,Bab 16
Kata Benda,キャッシュカード,キャッシュカード,Kartu ATM,Bab 16
Kata Benda,あんしょうばんごう,暗証番号,Nomor PIN,Bab 16
Kata Benda,きんがく,金額,Jumlah Uang,Bab 16
Kata Benda,かくにん,確認,Cek / Memastikan,Bab 16
Kata Benda,ボタン,ボタン,Tombol,Bab 16
Kata Benda,ゆきまつり,雪祭り,Pesta Salju,Bab 16
Kata Benda,バンドン,バンドン,Bandung,Bab 16
Kata Benda,フランケン,フランケン,Franken (di Jerman),Bab 16
Kata Benda,ベラクルス,ベラクルス,Veracruz (di Meksiko),Bab 16
Kata Kerja (Klp 2),おぼえます,覚えます,"Mengingat, menghafal",Bab 17
Kata Kerja (Klp 2),わすれます,忘れます,Lupa,Bab 17
Kata Kerja (Klp 1),なくします,無くします,Kehilangan,Bab 17
Kata Kerja (Klp 1),はらいます,払います,Membayar,Bab 17
Kata Kerja (Klp 1),かえします,返します,Mengembalikan,Bab 17
Kata Kerja (Klp 2),でかけます,出かけます,"Pergi, keluar, berangkat",Bab 17
Kata Kerja (Klp 1),ぬぎます,脱ぎます,"Melepas (pakaian, sepatu, dll)",Bab 17
Kata Kerja (Klp 1),もっていきます,持っていきます,Membawa pergi,Bab 17
Kata Kerja (Klp 3),もってきます,持ってきます,Datang membawa,Bab 17
Kata Kerja (Klp 3),しんぱいします,心配します,Mengkhawatirkan,Bab 17
Kata Kerja (Klp 3),ざんぎょうします,残業します,Melembur,Bab 17
Kata Kerja (Klp 3),しゅっちょうします,出張します,Dinas (perjalanan kerja),Bab 17
Kata Kerja (Klp 1),のみます,飲みます,Minum,Bab 17
Kata Kerja (Klp 1),はいります,入ります,Masuk,Bab 17
Kata Sifat Na,たいせつ[な],大切[な],"Penting, bernilai, berharga",Bab 17
Kata Sifat Na,だいじょうぶ[な],大丈夫[な],Tidak apa-apa / Tidak masalah,Bab 17
Kata Sifat I,あぶない,危ない,Berbahaya,Bab 17
Kata Benda,きんえん,禁煙,Dilarang merokok,Bab 17
Kata Benda,[けんこう]ほけんしょう,[健康]保険証,Kartu asuransi [Kesehatan],Bab 17
Kata Benda,ねつ,熱,Demam,Bab 17
Kata Benda,びょうき,病気,Penyakit,Bab 17
Kata Benda,くすり,薬,Obat,Bab 17
Kata Benda,[お]ふろ,[お]風呂,Mandi / Kamar mandi,Bab 17
Kata Benda,うわぎ,上着,Jaket,Bab 17
Kata Benda,したぎ,下着,Pakaian dalam,Bab 17
Kata Benda,のど,喉,Tenggorokan,Bab 17
Kata Benda,かぜ,風邪,Masuk angin,Bab 17
Ungkapan,2、3にち,2、3日,Dua atau tiga hari,Bab 17
Ungkapan,〜までに,〜までに,Sampai dengan ~ (batas waktu),Bab 17
Ungkapan,ですから,ですから,Oleh karena itu,Bab 17
Ungkapan,どうしましたか,どうしましたか,Kenapa? / Ada masalah apa?,Bab 17
Ungkapan,[〜が]いたいです,[〜が]痛いです,[~nya] Sakit,Bab 17
Ungkapan,それから,それから,Kemudian / Lalu / Setelah itu,Bab 17
Ungkapan,おだいじに,お大事に,Semoga lekas sembuh,Bab 17
Kata Kerja (Klp 2),できます,できます,"Bisa, dapat, mampu",Bab 18
Kata Kerja (Klp 1),あらいます,洗います,Mencuci,Bab 18
Kata Kerja (Klp 1),ひきます,弾きます,Bermain (alat musik senar dan piano),Bab 18
Kata Kerja (Klp 1),うたいます,歌います,"Bernyanyi, menyanyi",Bab 18
Kata Kerja (Klp 2),あつめます,集めます,Mengumpulkan,Bab 18
Kata Kerja (Klp 2),すてます,捨てます,Membuang,Bab 18
Kata Kerja (Klp 2),かえます,換えます,"Mengganti, menukar",Bab 18
Kata Kerja (Klp 3),うんてんします,運転します,"Menyetir, mengendarai",Bab 18
Kata Kerja (Klp 3),よやくします,予約します,Memesan,Bab 18
Kata Benda,ピアノ,ピアノ,Piano,Bab 18
Kata Benda,メートル,メートル,Meter,Bab 18
Kata Benda,げんきん,現金,Uang tunai,Bab 18
Kata Benda,しゅみ,趣味,"Hobi, kegemaran",Bab 18
Kata Benda,にっき,日記,Buku harian,Bab 18
Kata Benda,[お]いのり,[お]祈り,Doa,Bab 18
Kata Benda,かちょう,課長,Kepala bagian,Bab 18
Kata Benda,ぶちょう,部長,Kepala departemen,Bab 18
Kata Benda,しゃちょう,社長,Direktur utama,Bab 18
Kata Benda,どうぶつ,動物,Binatang / Hewan,Bab 18
Kata Benda,うま,馬,Kuda,Bab 18
Kata Benda,インターネット,インターネット,Internet,Bab 18
Kata Benda,とくに,特に,Terutama,Bab 18
Kata Benda,へえ,へえ,Wah (ungkapan terkejut),Bab 18
Kata Benda,それはおもしろいですね,それは面白いですね,Itu menarik ya,Bab 18
Kata Benda,なかなか,なかなか,Tidak mudah ~ / Cukup ~,Bab 18
Kata Benda,ほんとうですか,本当ですか,Benarkah?,Bab 18
Kata Benda,ぜひ,ぜひ,Sangat / Pasti,Bab 18
Kata Kerja (Klp 1),のぼります,登ります,Mendaki (gunung),Bab 19
Kata Kerja (Klp 2),とまります,泊まります,Menginap (di hotel),Bab 19
Kata Kerja (Klp 1),そうじします,掃除します,Membersihkan,Bab 19
Kata Kerja (Klp 1),せんたくします,洗濯します,Mencuci (pakaian),Bab 19
Kata Kerja (Klp 1),なリます,なります,Menjadi,Bab 19
Kata Sifat Na,ねむい,眠い,Mengantuk,Bab 19
Kata Sifat I,つよい,強い,Kuat,Bab 19
Kata Sifat I,よわい,弱い,Lemah,Bab 19
Kata Benda,れんしゅう,練習,Latihan,Bab 19
Kata Benda,ゴルフ,ゴルフ,Golf,Bab 19
Kata Benda,すもう,相撲,Sumo,Bab 19
Kata Benda,おちゃ,お茶,Teh / Upacara minum teh,Bab 19
Kata Benda,ひ,日,Hari,Bab 19
Kata Benda,ちょうし,調子,Kondisi,Bab 19
Ungkapan,いちど,一度,Sekali,Bab 19
Ungkapan,いちども,一度も,Satu kali pun (diikuti bentuk negatif),Bab 19
Ungkapan,だんだん,だんだん,"Lama kelamaan, berangsur-angsur",Bab 19
Ungkapan,もうすぐ,もうすぐ,Tidak lama lagi / Sebentar lagi,Bab 19
Ungkapan,おかげさまで,おかげさまで,Atas berkat (ungkapan terima kasih),Bab 19
Ungkapan,でも,でも,Tetapi,Bab 19
Ungkapan,かんぱい,乾杯,Toast saat minum (bersulang),Bab 19
Kata Benda,ダイエット,ダイエット,Diet,Bab 19
Kata Sifat Na,むり[な],無理[な],Paksa / Berlebihan,Bab 19
Ungkapan,からだにいい,体にいい,Baik untuk Tubuh,Bab 19
Kata Benda,とうきょうスカイツリー,東京スカイツリー,Tokyo Sky Tree,Bab 19
Kata Kerja (Klp 1),いります,要ります,Memerlukan,Bab 20
Kata Kerja (Klp 2),しらべます,調べます,"Memeriksa, meneliti, mengecek",Bab 20
Kata Kerja (Klp 3),しゅうりします,修理します,Memperbaiki,Bab 20
Kata Benda,ぼく,僕,Aku (untuk laki-laki),Bab 20
Kata Benda,きみ,君,Kamu (untuk yang selevel atau di bawahnya),Bab 20
Ungkapan,〜くん,〜君,Sdr. ~ (untuk yang selevel atau di bawahnya),Bab 20
Ungkapan,うん,うん,Ya (informal),Bab 20
Ungkapan,ううん,ううん,Nggak (informal),Bab 20
Kata Benda,ことば,言葉,Kosakata / Kata / Bahasa,Bab 20
Kata Benda,きもの,着物,Kimono,Bab 20
Kata Benda,ビザ,ビザ,Visa,Bab 20
Kata Benda,はじめ,初め,Awal,Bab 20
Kata Benda,おわり,終わり,Akhir,Bab 20
Kata Benda,こっち,こっち,Sini,Bab 20
Kata Benda,そっち,そっち,Situ,Bab 20
Kata Benda,あっち,あっち,Sana,Bab 20
Kata Benda,どっち,どっち,Mana,Bab 20
Ungkapan,みんなで,みんなで,Kita bersama-sama,Bab 20
Ungkapan,〜けど,〜けど,~ tetapi,Bab 20
Ungkapan,おなかがいっぱいです,お腹がいっぱいです,Sudah Kenyang,Bab 20
Ungkapan,よかったら,よかったら,Kalau Berkenan,Bab 20
Ungkapan,いろいろ,いろいろ,Macam-macam,Bab 20
Kata Kerja (Klp 1),おもいます,思います,"Mengira, berpikir",Bab 21
Kata Kerja (Klp 1),いいます,言います,"Mengatakan, berkata",Bab 21
Kata Kerja (Klp 1),かちます,勝ちます,Menang,Bab 21
Kata Kerja (Klp 2),まけます,負けます,Kalah,Bab 21
Kata Kerja (Klp 1),あります,あります,Ada,Bab 21
Kata Kerja (Klp 1),やくにたちます,役に立ちます,"Berguna, bermanfaat",Bab 21
Kata Kerja (Klp 1),うごきます,動きます,Bergerak,Bab 21
Kata Kerja (Klp 2),やめます,やめます,Berhenti,Bab 21
Kata Kerja (Klp 2),きをつけます,気をつけます,Berwaspada,Bab 21
Kata Kerja (Klp 3),りゅうがくします,留学します,Studi di luar negeri,Bab 21
Kata Sifat Na,むだ[な],無駄[な],"Sia-sia, tidak berguna",Bab 21
Kata Sifat Na,ふべん[な],不便[な],Tidak praktis,Bab 21
Kata Sifat I,すごい,凄い,Hebat,Bab 21
Kata Benda,ほんとう,本当,"Beneran, betul",Bab 21
Kata Benda,うそ,嘘,Bohong,Bab 21
Kata Benda,じどうしゃ,自動車,Mobil,Bab 21
Kata Benda,こうつう,交通,Lalu lintas,Bab 21
Kata Benda,ぶっか,物価,Harga barang,Bab 21
Kata Benda,ほうそう,放送,"Siaran, pengumuman",Bab 21
Kata Benda,ニュース,ニュース,Berita,Bab 21
Kata Benda,アニメ,アニメ,Animasi,Bab 21
Kata Benda,まんが,漫画,Komik,Bab 21
Kata Benda,デザイン,デザイン,Desain,Bab 21
Kata Benda,ゆめ,夢,Mimpi,Bab 21
Kata Benda,はなし,話,Cerita,Bab 21
Kata Benda,つき,月,Bulan,Bab 21
Kata Benda,てんさい,天才,Jenius,Bab 21
Kata Benda,しあい,試合,Pertandingan,Bab 21
Kata Benda,いけん,意見,Pendapat,Bab 21
Kata Benda,ちきゅう,地球,Bumi,Bab 21
Ungkapan,さいきん,最近,Akhir-akhir ini,Bab 21
Ungkapan,たぶん,多分,"Mungkin, barangkali",Bab 21
Ungkapan,きっと,きっと,Pasti (lebih pasti dari たぶん),Bab 21
Ungkapan,ほんとうに,本当に,Betul-betul,Bab 21
Ungkapan,そんなに,そんなに,Tidak begitu (diikuti bentuk negatif),Bab 21
Ungkapan,〜について,〜について,"Tentang ~, mengenai ~",Bab 21
Ungkapan,ひさしぶりですね,久しぶりですね,Sudah lama tidak bertemu ya,Bab 21
Ungkapan,〜でものみませんか,〜でも飲みませんか,Mau minum ~ ngga?,Bab 21
Ungkapan,もちろん,もちろん,Tentu saja,Bab 21
Ungkapan,もうかえらないと,もう帰らないと,Sudah harus pulang nih...,Bab 21
Kata Kerja (Klp 2),きます,着ます,"Memakai (untuk pakaian atas, kemeja, dll)",Bab 22
Kata Kerja (Klp 1),はきます,履きます,"Memakai (untuk pakaian bawah, celana, sepatu, dll)",Bab 22
Kata Kerja (Klp 1),かぶります,かぶります,"Memakai (untuk di kepala, topi, dll)",Bab 22
Kata Kerja (Klp 2),かけます,かけます,Memakai (kacamata),Bab 22
Kata Kerja (Klp 3),します,します,Memakai (dasi/alat),Bab 22
Kata Kerja (Klp 2),うまれます,生まれます,Lahir,Bab 22
Kata Benda,わたしたち,私たち,"Kami, kita",Bab 22
Kata Benda,コート,コート,"Mantel, coat",Bab 22
Kata Benda,セーター,セーター,Sweater,Bab 22
Kata Benda,スーツ,スーツ,Pakaian Setelan / Jas,Bab 22
Kata Benda,ぼうし,帽子,Topi,Bab 22
Kata Benda,めがね,眼鏡,Kacamata,Bab 22
Kata Benda,ケーキ,ケーキ,Kue,Bab 22
Kata Benda,[お]べんとう,[お]弁当,Bekal Makanan,Bab 22
Kata Benda,ロボット,ロボット,Robot,Bab 22
Kata Benda,ユーモア,ユーモア,Humor,Bab 22
Kata Benda,つごう,都合,Kondisi (kesesuaian jadwal),Bab 22
Kata Benda,よく,よく,Sering Sekali,Bab 22
Kata Benda,やちん,家賃,Biaya Sewa (Rumah / Apartemen / Kontrakan),Bab 22
Kata Benda,わしつ,和室,Ruangan ala Jepang,Bab 22
Kata Benda,ふとん,布団,Kasur & Selimut ala Jepang,Bab 22
Kata Kerja (Klp 1),ききます,聞きます,Bertanya,Bab 23
Kata Kerja (Klp 1),まわします,回します,Memutar,Bab 23
Kata Kerja (Klp 2),でます,出ます,Keluar,Bab 23
Kata Kerja (Klp 1),まがります,曲がります,Belok,Bab 23
Kata Kerja (Klp 1),ひきます,引きます,Tarik,Bab 23
Kata Kerja (Klp 2),かえます,変えます,Mengubah,Bab 23
Kata Kerja (Klp 1),さわります,触ります,Menyentuh,Bab 23
Kata Kerja (Klp 1),あるきます,歩きます,Berjalan kaki,Bab 23
Kata Kerja (Klp 1),わたります,渡ります,Menyeberang,Bab 23
Kata Benda,おと,音,"Bunyi, suara",Bab 23
Kata Sifat I,さびしい,寂しい,Sepi,Bab 23
Kata Benda,[お]ゆ,[お]湯,Air panas,Bab 23
Kata Benda,サイズ,サイズ,Ukuran,Bab 23
Kata Benda,こしょう,故障,Kerusakan,Bab 23
Kata Benda,みち,道,Jalan,Bab 23
Kata Benda,こうさてん,交差点,Perempatan,Bab 23
Kata Benda,しんごう,信号,Lampu lalu lintas,Bab 23
Ungkapan,〜め,〜目,Yang ke~ (menyatakan urutan),Bab 23
Kata Benda,ちゅうしゃじょう,駐車場,Tempat parkir,Bab 23
Kata Benda,たてもの,建物,Gedung,Bab 23
Kata Benda,かど,角,Sudut,Bab 23
Kata Benda,はし,橋,Jembatan,Bab 23
Ungkapan,なんかいも,何回も,Berapa kalipun,Bab 23
Kata Kerja (Klp 2),くれます,くれます,Diberikan (oleh orang lain kepada saya),Bab 24
Kata Kerja (Klp 1),なおします,直します,Mengoreksi,Bab 24
Kata Kerja (Klp 1),つれていきます,連れていきます,Membawa / Mengajak Pergi,Bab 24
Kata Kerja (Klp 3),つれてきます,連れてきます,Membawa / Mengajak Datang,Bab 24
Kata Kerja (Klp 1),おくります,送ります,"Mengantar, mengirimkan",Bab 24
Kata Kerja (Klp 3),しょうかいします,紹介します,Memperkenalkan,Bab 24
Kata Kerja (Klp 3),あんないします,案内します,Mengantarkan,Bab 24
Kata Kerja (Klp 3),せつめいします,説明します,"Menjelaskan, menerangkan",Bab 24
Kata Benda,おじいさん,お祖父さん,Kakek,Bab 24
Kata Benda,おばあさん,お祖母さん,Nenek,Bab 24
Kata Benda,じゅんび,準備,Persiapan,Bab 24
Kata Benda,ひっこし,引っ越し,Pindahan Rumah,Bab 24
Kata Benda,[お]かし,[お]菓子,Kue,Bab 24
Kata Benda,ぜんぶ,全部,"Semua, segalanya",Bab 24
Kata Benda,じぶんで,自分で,Dilakukan sendiri,Bab 24
Kata Benda,[ほかに],[他に],Yang lain,Bab 24
Kata Benda,ははのひ,母の日,Hari Ibu,Bab 24
Kata Kerja (Klp 2),かんがえます,考えます,"Berpikir, memikirkan",Bab 25
Kata Kerja (Klp 2),たります,足ります,Cukup,Bab 25
Kata Kerja (Klp 1),つきます,着きます,"Tiba, sampai",Bab 25
Kata Kerja (Klp 1),[としを]とります,[年を]取ります,Berumur / Lanjut usia,Bab 25
Kata Kerja (Klp 1),がんばります,頑張ります,"Berusaha, bekerja keras",Bab 25
Kata Benda,いなか,田舎,"Kampung, desa",Bab 25
Kata Benda,おく,億,Ratus jutaan,Bab 25
Ungkapan,もし[〜たら],もし[〜たら],Kalau ~,Bab 25
Kata Benda,いみ,意味,"Arti, makna",Bab 25
Kata Benda,てんきん,転勤,Pindah kantor cabang / jabatan,Bab 25
Kata Benda,チャンス,チャンス,Kesempatan,Bab 25
Ungkapan,もしもし,もしもし,Halo (saat angkat telepon),Bab 25
Kata Benda,こと,事,Hal,Bab 25
Kata Benda,ひま,暇,"Waktu luang, senggang",Bab 25
Kata Benda,ベトナム,ベトナム,Vietnam,Bab 25
Ungkapan,いろいろおせわになりました,いろいろお世話になりました,Terima kasih banyak atas bantuan selama ini,Bab 25
Ungkapan,どうぞおげんきで,どうぞお元気で,Sehat selalu ya (pesan saat perpisahan),Bab 25
